{"cameraMode":{"drawMode":0,"name":"Shaded","section":"Shading Mode"},"sceneLighting":true,"audioPlay":false,"sceneViewState":{"showFog":true,"showMaterialUpdate":false,"showSkybox":true,"showFlares":true,"showImageEffects":true,"showParticleSystems":true},"in2DMode":false,"pivot":{"x":-0.16344881057739259,"y":-61.34770202636719,"z":40.90998840332031},"rotation":{"x":-0.3679354786872864,"y":-0.010602712631225586,"z":0.004197099711745977,"w":-0.9297900795936585},"size":169.62249755859376,"orthographic":false}